country_code,country,year,population,gdp_billion_usd,capital_city,area_km2,continent,income_group,notes
ITA,Italy,2019,59729081,2011.3,Rome,301340,Europe,High,
ITA,Italy,2020,59438851,1897.5,Rome,301340,Europe,High,Revised estimate after census update
ITA,Italy,2021,59133173,2155.4,Rome,301340,Europe,High,
ITA,Italy,2022,58940425,2066.9,Rome,301340,Europe,High,
FRA,France,2019,67388001,2728.9,Paris,551695,Europe,High,
FRA,France,2020,67571107,2647.4,Paris,551695,Europe,High,
FRA,France,2021,67764304,2959.4,Paris,551695,Europe,High,
FRA,France,2022,67971311,2779.1,Paris,551695,Europe,High,
DEU,Germany,2019,83092962,3889.2,Berlin,357022,Europe,High,
DEU,Germany,2020,83160871,3887.7,Berlin,357022,Europe,High,
DEU,Germany,2021,83196078,4278.5,Berlin,357022,Europe,High,
DEU,Germany,2022,83797985,4082.5,Berlin,357022,Europe,High,Population figure is provisional and subject to change
BRA,Brazil,2019,211782878,1873.3,Brasilia,8515767,South America,Upper middle,
BRA,Brazil,2020,213196304,1476.1,Brasilia,8515767,South America,Upper middle,
BRA,Brazil,2021,214326223,1670.6,Brasilia,8515767,South America,Upper middle,
BRA,Brazil,2022,215313498,1951.9,Brasilia,8515767,South America,Upper middle,
KEN,Kenya,2019,50951450,100.4,Nairobi,580367,Africa,Lower middle,
KEN,Kenya,2020,51985780,100.7,Nairobi,580367,Africa,Lower middle,
KEN,Kenya,2021,53005614,109.7,Nairobi,580367,Africa,Lower middle,
KEN,Kenya,2022,54027487,,Nairobi,580367,Africa,Lower middle,
JPN,Japan,2019,126633000,5117.9,Tokyo,377975,Asia,High,
JPN,Japan,2020,126261000,5055.6,Tokyo,377975,Asia,High,
JPN,Japan,2021,125681593,5034.6,Tokyo,377975,Asia,High,
JPN,Japan,2022,125124989,4256.4,Tokyo,377975,Asia,High,
NZL,New Zealand,2019,4979200,211.0,Wellington,268021,Oceania,High,
NZL,New Zealand,2020,5090200,210.7,Wellington,268021,Oceania,High,
NZL,New Zealand,2021,5111400,253.6,Wellington,268021,Oceania,High,
NZL,New Zealand,2022,5124100,,Wellington,268021,Oceania,High,
NZL,New Zealand,2022,5124100,,Wellington,268021,Oceania,High,
