Countries,Life expectancy at birth - All,Life expectancy at birth - M,Life expectancy at birth - F,Life expectancy at birth - FΔM,Life expectancy at birth - Δ 2000,HALE at birth - All,HALE at birth - M,HALE at birth - F,HALE at birth - FΔM,HALE at birth - Δ 2000,Life expectancy at age 60 - All,Life expectancy at age 60 - M,Life expectancy at age 60 - F,Life expectancy at age 60 - FΔM,Life expectancy at age 60 - Δ 2000,HALE at age 60 - All,HALE at age 60 - M,HALE at age 60 - F,HALE at age 60 - FΔM,HALE at age 60 - Δ 2000,Countries__norm
Japan,84.47,81.7,87.15,5.45,2.94,73.58,72.09,75.01,2.92,2.47,26.66,24.28,28.86,4.58,2.03,20.42,18.79,21.95,3.16,1.57,japan
Singapore,83.9,81.81,85.98,4.17,5.38,73.8,72.66,74.89,2.23,4.39,25.83,24.05,27.51,3.46,4.35,20.21,18.98,21.38,2.4,3.41,singapore
South Korea,83.69,80.56,86.56,6.0,7.83,72.5,70.62,74.19,3.57,5.95,26.13,23.55,28.3,4.75,5.8,19.66,17.88,21.16,3.28,4.13,south korea
Switzerland,83.48,81.76,85.12,3.36,3.77,71.53,71.33,71.67,0.34,3.18,25.45,24.09,26.68,2.59,2.46,19.12,18.46,19.73,1.27,1.74,switzerland
Spain,83.14,80.54,85.66,5.12,4.05,71.69,70.9,72.42,1.52,2.8,25.39,23.28,27.33,4.05,2.69,19.18,17.94,20.33,2.39,1.78,spain
Italy,82.99,80.94,84.91,3.97,3.62,71.43,70.85,71.92,1.07,3.04,25.14,23.53,26.56,3.03,2.6,18.95,18.03,19.78,1.75,1.94,italy
Luxembourg,82.8,80.83,84.74,3.91,4.38,71.46,70.98,71.89,0.91,3.61,24.73,23.13,26.22,3.09,2.85,18.83,17.97,19.64,1.67,2.1,luxembourg
Sweden,82.71,81.17,84.24,3.07,3.14,71.41,71.33,71.46,0.13,2.15,24.78,23.57,25.91,2.34,2.36,18.8,18.26,19.32,1.06,1.57,sweden
Norway,82.66,81.12,84.16,3.04,4.12,71.18,71.04,71.28,0.24,3.35,24.72,23.57,25.78,2.21,2.75,18.66,18.09,19.2,1.11,2.02,norway
Australia,82.64,80.72,84.57,3.85,2.94,70.26,69.68,70.84,1.16,2.15,25.35,24.05,26.6,2.55,2.24,18.81,18.08,19.53,1.45,1.45,australia
Israel,82.57,80.74,84.32,3.58,4.03,71.51,71.17,71.78,0.61,3.17,24.88,23.61,26.02,2.41,2.93,18.91,18.29,19.47,1.18,2.13,israel
France,82.53,79.77,85.15,5.38,3.62,70.72,69.78,71.6,1.82,2.74,25.69,23.63,27.51,3.88,2.68,19.26,18.07,20.33,2.26,1.89,france
Kuwait,82.5,80.27,86.43,6.16,4.92,70.48,69.73,71.79,2.06,3.23,25.47,23.77,28.37,4.6,3.34,18.66,17.64,20.36,2.72,2.04,kuwait
Iceland,82.47,81.1,83.9,2.8,2.78,71.39,71.3,71.46,0.16,2.25,24.82,23.96,25.67,1.71,2.2,19.07,18.68,19.45,0.77,1.7,iceland
Netherlands,82.34,80.85,83.76,2.91,4.33,71.08,71.05,71.07,0.02,2.98,24.65,23.43,25.76,2.33,3.33,18.64,18.07,19.16,1.09,2.16,netherlands
Cyprus,82.18,80.2,84.16,3.96,3.35,71.13,70.69,71.55,0.86,2.66,24.36,22.91,25.77,2.86,2.53,18.56,17.79,19.31,1.52,1.93,cyprus
Malta,82.15,80.31,83.98,3.67,4.33,71.16,70.8,71.43,0.63,3.14,24.59,23.06,26.03,2.97,3.77,18.91,18.07,19.7,1.63,2.66,malta
Canada,82.02,80.12,83.9,3.78,2.93,70.3,69.66,70.91,1.25,1.76,24.99,23.66,26.23,2.57,2.52,18.66,17.89,19.38,1.49,1.58,canada
Ireland,81.94,80.27,83.6,3.33,5.52,70.48,70.25,70.71,0.46,4.16,24.26,23.0,25.48,2.48,4.07,18.53,17.9,19.14,1.24,2.97,ireland
New Zealand,81.81,80.16,83.43,3.27,3.23,69.74,69.5,69.98,0.48,2.47,24.72,23.6,25.77,2.17,2.34,18.52,17.95,19.07,1.12,1.62,new zealand
Austria,81.65,79.45,83.78,4.33,3.47,70.44,69.73,71.1,1.37,2.81,24.09,22.43,25.6,3.17,2.14,18.18,17.17,19.1,1.93,1.56,austria
Finland,81.65,79.11,84.15,5.04,4.06,70.19,69.05,71.29,2.24,3.33,24.36,22.49,26.06,3.57,2.76,18.28,17.09,19.37,2.28,2.08,finland
Belgium,81.61,79.5,83.66,4.16,3.94,70.1,69.61,70.55,0.94,2.89,24.23,22.6,25.72,3.12,2.59,18.18,17.34,18.96,1.62,1.73,belgium
United Arab Emirates,81.41,80.98,82.29,1.31,3.29,69.69,70.24,68.69,-1.55,2.24,23.55,23.52,23.68,0.16,2.17,17.29,17.59,16.95,-0.64,1.39,united arab emirates
Portugal,81.37,78.38,84.15,5.77,4.78,70.06,68.81,71.2,2.39,4.01,24.2,21.97,26.15,4.18,2.98,18.4,17.04,19.6,2.56,2.25,portugal
Slovenia,81.29,78.57,84.04,5.47,5.24,70.23,68.78,71.69,2.91,4.25,23.82,21.84,25.64,3.8,3.34,17.69,16.41,18.88,2.47,2.44,slovenia
Denmark,81.28,79.49,83.06,3.57,4.35,70.31,69.86,70.75,0.89,3.65,23.55,22.18,24.85,2.67,2.92,18.1,17.33,18.84,1.51,2.3,denmark
United Kingdom,81.22,79.5,82.92,3.42,3.36,69.74,69.38,70.07,0.69,2.46,24.12,22.91,25.25,2.34,2.81,18.25,17.64,18.82,1.18,1.96,united kingdom
Chile,81.03,78.66,83.34,4.68,4.23,69.37,68.65,70.05,1.4,3.11,24.57,23.01,25.97,2.96,3.25,18.34,17.48,19.1,1.62,2.11,chile
Germany,80.97,78.75,83.19,4.44,2.86,69.44,69.0,69.86,0.86,1.97,23.57,21.86,25.17,3.31,1.81,17.62,16.74,18.45,1.71,1.09,germany
Greece,80.91,78.8,83.01,4.21,2.49,69.82,69.14,70.47,1.33,2.08,23.71,22.42,24.94,2.52,1.9,18.09,17.31,18.84,1.53,1.43,greece
Puerto Rico,80.5,76.86,84.04,7.18,4.25,69.44,67.2,71.62,4.42,3.24,25.32,23.46,26.98,3.52,3.21,19.07,17.74,20.26,2.52,2.17,puerto rico
Costa Rica,80.3,77.93,82.71,4.78,2.13,69.21,68.09,70.35,2.26,1.38,24.52,23.11,25.85,2.74,1.97,18.37,17.49,19.2,1.71,1.25,costa rica
Jordan,79.79,79.73,80.34,0.61,7.07,68.36,69.59,67.32,-2.27,5.11,23.48,24.08,23.36,-0.72,4.75,17.33,18.03,16.95,-1.08,3.17,jordan
Lebanon,79.29,76.92,81.47,4.55,3.57,67.41,66.73,68.03,1.3,2.41,23.18,21.46,24.66,3.2,2.46,16.93,15.83,17.88,2.05,1.4,lebanon
Czech Republic,79.14,76.3,81.93,5.63,4.11,68.49,66.92,70.01,3.09,3.18,22.08,19.93,24.0,4.07,2.75,16.32,14.87,17.62,2.75,1.92,czech republic
Panama,78.97,76.2,81.86,5.66,2.82,68.31,66.89,69.79,2.9,2.06,23.98,22.14,25.8,3.66,1.85,18.08,16.88,19.26,2.38,1.18,panama
Qatar,78.9,78.49,79.84,1.35,8.52,67.91,68.37,66.54,-1.83,6.15,21.83,21.76,21.86,0.1,6.65,15.83,16.07,15.34,-0.73,4.41,qatar
Estonia,78.89,74.69,82.61,7.92,7.92,68.37,65.8,70.59,4.79,6.52,22.5,19.2,24.96,5.76,3.89,16.93,14.66,18.63,3.97,2.87,estonia
Nicaragua,78.87,76.3,81.27,4.97,2.69,67.68,66.26,69.0,2.74,2.39,24.5,23.23,25.51,2.28,0.46,18.19,17.38,18.83,1.45,0.22,nicaragua
USA,78.74,76.53,80.98,4.45,2.08,66.02,65.13,66.93,1.8,0.7,23.24,21.99,24.41,2.42,1.9,16.59,15.82,17.31,1.49,0.92,usa
Croatia,78.6,75.58,81.59,6.01,3.85,68.38,66.66,70.07,3.41,3.15,21.87,19.71,23.79,4.08,2.5,16.34,14.92,17.61,2.69,1.79,croatia
Peru,78.29,76.69,79.88,3.19,3.17,68.41,67.97,68.86,0.89,2.99,23.37,22.59,24.1,1.51,0.56,18.02,17.65,18.37,0.72,0.47,peru
Colombia,77.95,75.33,80.55,5.22,5.41,67.9,66.44,69.34,2.9,4.58,22.69,21.2,24.03,2.83,2.4,17.41,16.42,18.31,1.89,1.8,colombia
Albania,77.94,76.17,79.87,3.7,4.26,68.41,67.48,69.43,1.95,3.93,20.92,20.08,21.89,1.81,1.82,16.24,15.66,16.9,1.24,1.5,albania
Iran,77.78,76.36,79.4,3.04,4.29,66.56,66.6,66.6,0.0,3.33,22.19,21.79,22.71,0.92,1.64,16.46,16.44,16.59,0.15,0.98,iran
Ecuador,77.75,75.32,80.23,4.91,5.16,67.62,66.42,68.83,2.41,4.12,22.83,21.46,24.12,2.66,2.27,17.36,16.5,18.17,1.67,1.51,ecuador
Poland,77.73,73.94,81.5,7.56,4.03,67.56,65.08,70.01,4.93,3.39,21.8,19.23,24.0,4.77,2.6,16.31,14.49,17.86,3.37,1.98,poland
Cuba,77.66,75.3,80.12,4.82,0.91,67.8,66.74,68.88,2.14,0.78,21.57,19.96,23.15,3.19,-0.04,16.55,15.53,17.55,2.02,-0.17,cuba
Turkey,77.62,75.09,80.13,5.04,4.31,67.24,66.63,67.8,1.17,3.61,21.26,19.46,22.85,3.39,0.94,16.03,15.03,16.93,1.9,0.61,turkey
Slovakia,77.61,74.23,80.9,6.67,4.29,67.48,65.48,69.41,3.93,3.62,21.43,18.97,23.51,4.54,2.92,15.99,14.32,17.42,3.1,2.2,slovakia
Tunisia,77.51,75.09,79.99,4.9,3.21,66.68,66.03,67.38,1.35,2.33,21.74,20.14,23.33,3.19,1.47,16.19,15.26,17.12,1.86,0.89,tunisia
Sri Lanka,77.45,74.32,80.33,6.01,5.94,67.09,65.35,68.69,3.34,4.69,21.76,19.93,23.19,3.26,2.58,16.05,14.97,16.9,1.93,1.66,sri lanka
China,77.31,74.58,80.36,5.78,6.47,68.45,66.99,70.08,3.09,5.32,20.98,19.09,22.98,3.89,3.02,16.06,14.98,17.21,2.23,2.08,china
Bosnia and Herzegovina,77.1,74.64,79.56,4.92,1.64,67.01,65.67,68.35,2.68,1.43,20.54,18.85,22.07,3.22,0.75,15.37,14.26,16.37,2.11,0.48,bosnia and herzegovina
Argentina,77.02,74.0,79.91,5.91,2.73,66.9,65.43,68.27,2.84,2.17,21.59,19.24,23.64,4.4,1.28,16.5,14.99,17.81,2.82,0.86,argentina
Uruguay,77.01,73.36,80.5,7.14,2.13,66.81,64.91,68.6,3.69,1.47,21.71,18.95,24.04,5.09,1.02,16.51,14.71,18.02,3.31,0.59,uruguay
Saudi Arabia,76.93,76.45,77.75,1.3,6.36,66.15,66.37,65.63,-0.74,4.94,20.65,20.67,20.69,0.02,3.38,15.16,15.22,15.09,-0.13,2.28,saudi arabia
Thailand,76.92,73.3,80.64,7.34,5.91,67.14,64.85,69.5,4.65,4.93,23.43,21.99,24.74,2.75,2.71,17.68,16.82,18.46,1.64,1.94,thailand
Montenegro,76.84,73.89,79.73,5.84,3.41,67.25,65.61,68.85,3.24,2.82,20.25,18.04,22.24,4.2,1.31,15.39,13.89,16.74,2.85,0.91,montenegro
Brunei,76.68,75.25,78.16,2.91,1.17,67.08,66.34,67.82,1.48,0.79,20.92,20.07,21.72,1.65,1.34,15.82,15.2,16.39,1.19,0.96,brunei
Algeria,76.55,76.24,77.08,0.84,4.08,66.14,67.04,65.34,-1.7,3.2,21.43,21.62,21.47,-0.15,1.39,16.09,16.45,15.89,-0.56,0.82,algeria
Hungary,76.34,72.98,79.52,6.54,4.98,66.59,64.67,68.39,3.72,4.37,20.21,17.72,22.27,4.55,2.25,15.17,13.48,16.56,3.08,1.84,hungary
Lithuania,76.25,71.45,80.82,9.37,4.25,66.23,63.1,69.17,6.07,3.67,21.22,17.87,23.8,5.93,1.79,15.84,13.41,17.7,4.29,1.29,lithuania
North Macedonia,76.15,76.25,76.92,0.67,3.2,66.65,67.25,66.65,-0.6,2.75,19.32,20.37,19.23,-1.14,1.54,14.61,15.47,14.42,-1.05,1.15,north macedonia
Saint Lucia,76.12,72.53,79.93,7.4,2.9,65.71,63.71,67.84,4.13,2.18,22.16,19.63,24.67,5.04,2.18,16.73,14.96,18.49,3.53,1.51,saint lucia
Barbados,76.04,74.33,77.61,3.28,1.43,66.29,65.76,66.76,1.0,1.0,20.94,19.97,21.74,1.77,0.3,16.07,15.48,16.56,1.08,0.05,barbados
Bahrain,76.03,75.39,76.86,1.47,6.34,65.8,66.3,64.72,-1.58,4.75,19.06,18.58,19.58,1.0,4.21,14.03,13.94,14.08,0.14,2.78,bahrain
Serbia,75.92,73.26,78.46,5.2,4.42,66.55,65.08,67.94,2.86,3.65,19.73,17.93,21.23,3.3,2.62,14.96,13.76,15.97,2.21,1.87,serbia
Mexico,75.83,72.8,78.89,6.09,1.61,65.46,63.92,67.02,3.1,1.36,22.2,21.03,23.3,2.27,0.76,16.53,15.86,17.16,1.3,0.6,mexico
Azerbaijan,75.8,73.38,78.09,4.71,10.57,66.62,65.57,67.63,2.06,8.81,20.86,19.55,21.95,2.4,4.86,16.15,15.49,16.72,1.23,3.54,azerbaijan
Latvia,75.68,71.05,79.97,8.92,5.47,66.02,63.05,68.74,5.69,4.82,20.77,17.44,23.26,5.82,2.46,15.6,13.24,17.37,4.13,1.87,latvia
Armenia,75.67,70.82,79.79,8.97,4.05,66.48,63.56,68.96,5.4,3.51,20.1,16.81,22.61,5.8,2.12,15.45,13.3,17.09,3.79,1.56,armenia
Antigua and Barbuda,75.66,74.05,77.07,3.02,1.27,65.78,65.16,66.31,1.15,0.89,20.14,19.28,20.79,1.51,0.2,15.35,14.74,15.8,1.06,-0.04,antigua and barbuda
Brazil,75.48,72.22,78.73,6.51,3.98,64.53,62.96,66.07,3.11,3.61,21.32,19.58,22.84,3.26,1.54,15.81,14.74,16.74,2.0,1.13,brazil
Romania,75.46,71.78,79.23,7.45,4.32,66.18,63.77,68.64,4.87,3.89,20.21,17.74,22.37,4.63,2.02,15.45,13.64,17.04,3.4,1.53,romania
Maldives,75.45,74.41,76.86,2.45,5.63,66.93,66.91,66.89,-0.02,5.54,17.9,17.32,18.64,1.32,0.84,14.08,13.82,14.41,0.59,0.86,maldives
Oman,75.29,73.09,78.85,5.76,3.63,65.53,64.58,66.76,2.18,2.99,19.51,17.83,21.9,4.07,1.78,14.56,13.49,16.09,2.6,1.26,oman
Paraguay,75.08,72.18,78.16,5.98,0.4,64.87,63.47,66.38,2.91,0.46,21.01,19.22,22.82,3.6,-1.09,15.88,14.73,17.04,2.31,-0.85,paraguay
Bulgaria,75.0,71.52,78.62,7.1,3.36,65.67,63.46,67.95,4.49,2.91,19.7,17.24,21.92,4.68,2.1,14.99,13.25,16.55,3.3,1.58,bulgaria
Belize,74.87,72.55,77.38,4.83,4.77,65.19,64.05,66.45,2.4,3.59,21.69,20.81,22.65,1.84,3.17,16.68,16.13,17.28,1.15,2.17,belize
Belarus,74.82,69.73,79.66,9.93,6.03,65.44,62.14,68.56,6.42,5.23,19.67,16.07,22.49,6.42,2.55,14.88,12.3,16.9,4.6,1.93,belarus
Malaysia,74.68,72.71,76.99,4.28,1.67,65.49,64.68,66.47,1.79,1.36,19.8,18.97,20.79,1.82,1.48,14.9,14.5,15.42,0.92,1.07,malaysia
El Salvador,74.28,69.48,78.73,9.25,2.63,64.39,60.89,67.62,6.73,2.37,22.01,20.2,23.48,3.28,1.18,16.68,15.34,17.77,2.43,0.74,el salvador
Trinidad and Tobago,74.09,70.71,77.54,6.83,3.67,64.07,62.06,66.11,4.05,2.68,21.44,19.58,23.05,3.47,2.6,16.17,14.85,17.31,2.46,1.73,trinidad and tobago
Cape Verde,74.06,69.71,78.23,8.52,2.36,64.76,62.3,67.06,4.76,2.32,19.59,16.54,21.95,5.41,-1.09,14.91,12.93,16.44,3.51,-0.9,cape verde
Mauritius,74.06,70.83,77.43,6.6,2.92,64.25,62.46,66.12,3.66,2.06,20.4,18.56,22.09,3.53,2.59,15.08,13.99,16.08,2.09,1.65,mauritius
Bangladesh,73.95,72.64,75.26,2.62,8.59,63.98,64.12,63.86,-0.26,7.32,20.56,19.92,21.18,1.26,3.18,15.42,15.35,15.49,0.14,2.32,bangladesh
Bhutan,73.93,72.87,75.13,2.26,7.94,64.13,64.19,64.04,-0.15,6.89,20.12,19.66,20.61,0.95,1.88,15.2,15.15,15.25,0.1,1.37,bhutan
Dominican Republic,73.91,70.87,77.18,6.31,0.51,64.14,62.41,66.01,3.6,0.38,22.6,21.24,23.94,2.7,0.11,17.23,16.31,18.13,1.82,-0.09,dominican republic
Georgia,73.85,69.1,78.44,9.34,2.78,64.85,61.61,67.98,6.37,2.08,19.05,16.01,21.5,5.49,0.98,14.6,12.47,16.31,3.84,0.51,georgia
Tajikistan,73.81,72.28,75.37,3.09,8.16,64.91,64.42,65.42,1.0,7.12,20.1,19.57,20.62,1.05,2.73,15.67,15.54,15.8,0.26,2.07,tajikistan
Morocco,73.75,72.85,74.64,1.79,3.56,63.6,64.13,63.04,-1.09,2.91,18.97,18.32,19.59,1.27,-0.09,14.15,13.92,14.36,0.44,-0.32,morocco
Vietnam,73.71,69.51,78.0,8.49,1.84,65.39,62.68,68.16,5.48,1.65,19.55,16.82,21.96,5.14,0.64,15.12,13.28,16.74,3.46,0.4,vietnam
Kyrgyzstan,73.59,69.92,77.14,7.22,7.66,64.84,62.68,66.93,4.25,6.73,19.46,17.19,21.4,4.21,2.91,15.13,13.69,16.37,2.68,2.29,kyrgyzstan
Libya,73.54,71.47,75.7,4.23,-0.5,63.36,62.73,63.99,1.26,-0.87,19.9,19.1,20.63,1.53,-1.02,14.76,14.36,15.13,0.77,-1.08,libya
Moldova,73.32,69.32,77.17,7.85,7.66,64.43,62.01,66.75,4.74,6.41,19.02,16.63,20.92,4.29,4.09,14.49,12.87,15.79,2.92,3.01,moldova
Russia,73.22,68.17,78.0,9.83,8.06,63.72,60.41,66.84,6.43,7.01,19.93,16.8,22.19,5.39,3.54,14.92,12.75,16.49,3.74,2.64,russia
Kazakhstan,73.2,68.84,77.2,8.36,8.85,63.97,61.26,66.45,5.19,7.6,19.15,16.43,21.16,4.73,3.25,14.49,12.75,15.77,3.02,2.39,kazakhstan
Seychelles,73.12,70.08,76.65,6.57,1.01,64.31,62.52,66.37,3.85,0.62,19.38,17.51,21.23,3.72,0.19,14.54,13.34,15.75,2.41,-0.12,seychelles
World,73.12,70.61,75.7,5.09,6.35,63.45,62.33,64.59,2.26,5.33,21.03,19.41,22.54,3.13,2.16,15.8,14.87,16.67,1.8,1.52,world
St. Vincent and the Grenadines,73.11,70.76,75.82,5.06,1.45,63.49,62.21,64.98,2.77,0.95,20.51,19.45,21.71,2.26,1.05,15.52,14.74,16.39,1.65,0.58,st vincent and the grenadines
Suriname,73.02,69.99,76.1,6.11,2.46,63.12,61.48,64.76,3.28,1.74,20.69,18.8,22.31,3.51,1.1,15.62,14.3,16.74,2.44,0.59,suriname
Ukraine,73.0,67.99,77.81,9.82,5.45,63.47,60.1,66.7,6.6,4.68,19.49,16.43,21.73,5.3,2.72,14.66,12.53,16.21,3.68,2.14,ukraine
Tonga,72.94,70.38,75.6,5.22,1.99,64.05,62.97,65.21,2.24,1.34,19.04,17.41,20.65,3.24,1.15,14.44,13.55,15.32,1.77,0.7,tonga
Bolivia,72.92,72.03,73.79,1.76,6.83,63.64,63.72,63.54,-0.18,5.87,19.42,19.07,19.71,0.64,1.62,14.79,14.69,14.88,0.19,1.1,bolivia
Iraq,72.9,70.26,75.37,5.11,3.42,62.41,61.17,63.52,2.35,2.72,19.63,18.02,20.91,2.89,0.65,14.5,13.42,15.36,1.94,0.26,iraq
Grenada,72.73,70.46,75.32,4.86,1.14,63.36,62.26,64.67,2.41,0.72,18.39,16.72,20.26,3.54,0.95,14.05,12.87,15.37,2.5,0.56,grenada
Venezuela,72.71,68.38,77.35,8.97,-1.32,63.4,60.57,66.43,5.86,-0.98,20.67,18.52,22.64,4.12,-0.54,15.77,14.31,17.11,2.8,-0.39,venezuela
Guatemala,72.71,70.19,75.2,5.01,4.4,62.54,61.18,63.88,2.7,3.84,20.65,19.76,21.45,1.69,0.89,15.39,14.84,15.89,1.05,0.51,guatemala
North Korea,72.32,69.34,75.3,5.96,9.8,64.51,62.89,66.15,3.26,8.63,18.86,17.04,20.39,3.35,2.37,14.71,13.64,15.64,2.0,1.83,north korea
Uzbekistan,72.27,70.15,74.28,4.13,10.59,63.62,62.85,64.32,1.47,8.92,17.82,16.51,18.89,2.38,4.45,13.8,13.06,14.4,1.34,3.3,uzbekistan
Jamaica,72.24,69.48,75.14,5.66,-0.01,63.55,62.11,65.08,2.97,-0.06,18.66,16.94,20.39,3.45,0.04,14.57,13.37,15.78,2.41,-0.06,jamaica
Sao Tome and Principe,71.66,70.16,73.18,3.02,8.53,62.95,62.8,63.09,0.29,7.43,17.77,16.82,18.69,1.87,0.83,13.62,13.21,14.02,0.81,0.58,sao tome and principe
Egypt,71.59,68.97,74.3,5.33,2.44,62.52,61.66,63.4,1.74,2.1,17.18,15.3,18.94,3.64,-0.66,13.02,11.93,14.05,2.12,-0.65,egypt
Honduras,71.44,69.99,72.9,2.91,1.68,62.35,61.85,62.85,1.0,1.6,18.13,17.36,18.84,1.48,-1.17,13.76,13.26,14.23,0.97,-0.96,honduras
Indonesia,71.4,69.55,73.26,3.71,4.19,63.29,62.48,64.09,1.61,3.86,18.06,16.96,19.04,2.08,0.71,13.79,13.17,14.34,1.17,0.55,indonesia
Nepal,71.36,69.56,73.1,3.54,5.99,61.53,61.01,62.08,1.07,5.47,18.6,17.64,19.51,1.87,0.81,13.73,13.32,14.12,0.8,0.73,nepal
Mongolia,70.75,66.27,75.47,9.2,7.55,62.0,58.89,65.28,6.39,6.36,18.49,16.11,20.52,4.41,3.34,14.21,12.55,15.62,3.07,2.45,mongolia
Bahamas,70.74,68.08,73.26,5.18,-0.23,61.78,60.38,63.11,2.73,-0.44,20.2,18.68,21.5,2.82,0.15,15.54,14.48,16.44,1.96,-0.04,bahamas
India,70.73,69.18,72.41,3.23,7.53,60.88,60.7,61.08,0.38,6.75,18.52,17.6,19.44,1.84,1.01,13.6,13.27,13.94,0.67,0.9,india
Mauritania,70.18,70.0,70.38,0.38,7.26,61.59,62.49,60.82,-1.67,6.38,18.63,18.89,18.39,-0.5,1.61,14.45,14.95,14.01,-0.94,1.27,mauritania
Samoa,69.99,68.77,71.31,2.54,0.39,61.42,61.11,61.77,0.66,0.16,17.64,17.22,18.06,0.84,0.56,13.3,13.2,13.41,0.21,0.32,samoa
Cambodia,69.56,66.87,72.16,5.29,10.46,61.25,59.77,62.68,2.91,9.47,17.32,15.72,18.57,2.85,2.0,13.16,12.16,13.93,1.77,1.49,cambodia
Sudan,69.47,68.35,70.55,2.2,6.98,60.11,60.26,59.98,-0.28,5.98,19.04,18.65,19.39,0.74,1.68,14.42,14.32,14.52,0.2,1.2,sudan
Philippines,69.43,66.05,73.22,7.17,-0.54,61.26,59.28,63.47,4.19,0.01,17.48,15.45,19.52,4.07,-1.39,13.34,12.06,14.63,2.57,-0.9,philippines
Syria,69.17,65.37,73.49,8.12,-1.92,59.66,57.46,62.21,4.75,-2.42,18.71,18.19,19.31,1.12,1.4,14.19,14.05,14.41,0.36,0.86,syria
Turkmenistan,69.14,65.7,72.54,6.84,3.57,61.13,59.04,63.2,4.16,3.3,18.23,16.33,19.79,3.46,0.97,14.24,13.02,15.23,2.21,0.75,turkmenistan
Ethiopia,68.85,67.17,70.54,3.37,18.06,59.93,59.2,60.67,1.47,15.48,18.67,17.89,19.39,1.5,5.23,14.05,13.67,14.4,0.73,3.94,ethiopia
Myanmar,68.81,65.69,72.04,6.35,9.43,60.66,58.83,62.56,3.73,8.24,17.92,16.06,19.61,3.55,3.12,13.61,12.42,14.69,2.27,2.29,myanmar
Senegal,68.76,67.08,70.28,3.2,10.15,59.87,59.62,60.11,0.49,8.92,17.9,17.08,18.55,1.47,1.34,13.54,13.23,13.78,0.55,0.99,senegal
Guyana,68.73,65.58,71.99,6.41,4.08,59.14,57.25,61.11,3.86,3.19,18.01,16.52,19.4,2.88,1.56,13.43,12.42,14.39,1.97,1.02,guyana
Timor-Leste,68.5,67.02,70.08,3.06,5.63,59.97,58.96,61.07,2.11,5.99,17.96,17.25,18.65,1.4,0.02,13.55,13.14,13.95,0.81,0.25,timor leste
Laos,68.36,66.14,70.72,4.58,10.08,60.6,59.43,61.84,2.41,8.87,17.48,16.35,18.63,2.28,2.76,13.53,12.88,14.19,1.31,2.06,laos
Comoros,68.1,66.8,69.43,2.63,6.06,59.76,59.44,60.07,0.63,5.47,18.05,17.58,18.49,0.91,1.96,13.82,13.64,13.99,0.35,1.48,comoros
Fiji,67.87,65.78,70.09,4.31,2.04,59.67,58.64,60.77,2.13,1.54,16.01,14.71,17.27,2.56,1.47,11.96,11.13,12.76,1.63,0.94,fiji
Rwanda,67.76,65.65,69.62,3.97,20.87,59.1,58.15,59.93,1.78,18.34,17.82,16.5,18.83,2.33,5.14,13.66,12.87,14.27,1.4,3.96,rwanda
Vanuatu,67.13,64.12,70.64,6.52,2.2,59.38,57.62,61.43,3.81,1.89,16.18,15.05,17.63,2.58,0.93,12.47,11.8,13.31,1.51,0.67,vanuatu
Pakistan,67.03,66.3,67.79,1.49,5.62,57.8,58.12,57.5,-0.62,4.61,18.01,17.9,18.11,0.21,1.67,13.28,13.51,13.07,-0.44,1.12,pakistan
Yemen,66.9,63.95,70.01,6.06,3.82,57.36,56.4,58.35,1.95,3.21,17.98,17.01,18.81,1.8,1.12,13.56,13.17,13.9,0.73,0.76,yemen
Tanzania,66.79,65.2,68.37,3.17,14.0,58.31,57.97,58.68,0.71,12.39,18.05,17.23,18.79,1.56,2.62,13.8,13.44,14.12,0.68,2.02,tanzania
Papua New Guinea,66.67,65.57,67.92,2.35,3.31,58.47,58.09,58.92,0.83,2.9,16.77,16.34,17.28,0.94,0.75,12.68,12.48,12.92,0.44,0.51,papua new guinea
Kenya,66.5,64.07,68.99,4.92,12.41,58.25,57.12,59.4,2.28,11.1,17.37,15.81,18.8,2.99,0.66,13.16,12.24,13.99,1.75,0.72,kenya
Uganda,66.09,62.82,69.31,6.49,17.2,57.55,55.58,59.5,3.92,15.06,17.7,15.57,19.52,3.95,3.77,13.46,11.99,14.71,2.72,2.9,uganda
Ghana,65.97,63.47,68.59,5.12,6.88,57.94,56.84,59.12,2.28,6.21,16.99,15.45,18.52,3.07,1.16,13.11,12.14,14.07,1.93,0.94,ghana
Micronesia,65.94,63.28,68.81,5.53,2.38,58.15,56.69,59.74,3.05,1.87,16.04,15.04,16.98,1.94,0.83,12.13,11.61,12.63,1.02,0.46,micronesia
South Africa,65.84,62.5,68.85,6.35,8.72,56.29,54.65,57.73,3.08,6.89,18.71,16.78,19.92,3.14,1.7,13.77,12.67,14.46,1.79,1.02,south africa
Solomon Islands,65.67,63.37,68.29,4.92,2.27,58.12,57.03,59.34,2.31,1.82,15.5,14.67,16.42,1.75,0.86,11.87,11.52,12.24,0.72,0.52,solomon islands
Djibouti,65.44,63.63,67.27,3.64,5.92,57.61,56.9,58.34,1.44,5.24,17.45,16.3,18.54,2.24,1.48,13.44,12.77,14.08,1.31,1.13,djibouti
Gabon,64.97,62.61,67.75,5.14,7.28,56.38,55.38,57.56,2.18,6.34,16.24,14.72,17.96,3.24,1.73,12.21,11.2,13.34,2.14,1.24,gabon
Botswana,64.92,62.74,66.95,4.21,17.76,56.05,55.04,56.96,1.92,14.74,17.93,16.14,19.42,3.28,3.85,13.38,12.2,14.36,2.16,2.73,botswana
Gambia,64.91,62.91,66.98,4.07,5.76,56.6,56.31,56.93,0.62,5.09,16.45,15.48,17.44,1.96,0.39,12.53,12.19,12.87,0.68,0.28,gambia
Burundi,64.32,62.37,66.23,3.86,19.96,56.21,55.1,57.29,2.19,17.41,16.51,15.46,17.42,1.96,3.78,12.78,12.16,13.3,1.14,2.99,burundi
Benin,64.14,61.76,66.58,4.82,6.72,55.87,54.94,56.83,1.89,5.98,17.78,16.47,18.98,2.51,1.55,13.46,12.77,14.11,1.34,1.18,benin
Madagascar,63.82,62.83,64.82,1.99,5.09,56.16,56.09,56.23,0.14,4.83,16.25,15.9,16.57,0.67,1.29,12.56,12.48,12.64,0.16,1.08,madagascar
Eritrea,63.76,61.0,66.53,5.53,8.83,55.67,53.75,57.59,3.84,7.98,15.09,13.87,16.18,2.31,1.87,11.49,10.65,12.23,1.58,1.37,eritrea
Haiti,63.66,63.18,64.16,0.98,6.93,55.0,55.56,54.47,-1.09,5.84,16.25,16.28,16.24,-0.04,1.06,12.35,12.54,12.2,-0.34,0.7,haiti
Togo,63.65,61.21,66.34,5.13,7.57,55.81,54.83,56.91,2.08,6.79,16.38,15.0,17.84,2.84,1.11,12.64,11.84,13.48,1.64,0.93,togo
Namibia,63.49,59.99,66.9,6.91,10.47,55.53,53.34,57.66,4.32,8.81,16.47,14.24,18.26,4.02,2.4,12.59,11.05,13.82,2.77,1.71,namibia
Cote d'Ivoire,63.48,61.19,66.19,5.0,12.31,55.42,54.42,56.64,2.22,10.9,17.07,15.86,18.55,2.69,2.48,13.0,12.3,13.85,1.55,2.01,cote d ivoire
Liberia,63.44,62.68,64.2,1.52,10.17,53.99,54.54,53.47,-1.07,8.88,17.05,16.96,17.11,0.15,1.6,12.57,12.83,12.36,-0.47,1.15,liberia
Malawi,63.23,60.43,66.05,5.62,18.59,55.54,54.2,56.91,2.71,16.53,15.9,14.19,17.44,3.25,2.82,12.24,11.21,13.17,1.96,2.25,malawi
Nigeria,63.07,61.68,64.51,2.83,9.01,54.81,54.68,54.95,0.27,8.18,18.61,18.0,19.21,1.21,2.39,14.1,13.94,14.25,0.31,1.94,nigeria
Congo Republic,62.76,62.43,63.08,0.65,10.54,54.67,55.3,54.06,-1.24,9.14,15.56,15.31,15.79,0.48,2.48,11.8,11.79,11.82,0.03,1.84,congo republic
Burkina Faso,62.61,60.08,65.06,4.98,10.72,54.96,53.78,56.09,2.31,9.9,16.77,15.33,17.92,2.59,1.49,12.93,12.04,13.64,1.6,1.31,burkina faso
Angola,62.49,60.33,64.65,4.32,13.12,54.32,53.24,55.4,2.16,11.47,16.35,14.9,17.69,2.79,2.31,12.31,11.34,13.21,1.87,1.7,angola
Kiribati,62.14,58.9,65.32,6.42,2.06,54.66,52.72,56.58,3.86,1.8,15.14,13.78,16.16,2.38,0.93,11.4,10.59,12.01,1.42,0.63,kiribati
Cameroon,62.03,60.08,64.06,3.98,9.07,54.24,53.56,54.96,1.4,8.11,16.8,15.66,17.89,2.23,2.01,12.77,12.19,13.33,1.14,1.6,cameroon
Congo DR,61.84,59.67,64.08,4.41,9.2,53.5,52.46,54.59,2.13,8.47,15.99,14.89,17.04,2.15,1.52,11.99,11.28,12.67,1.39,1.25,congo dr
Mali,61.83,61.28,62.41,1.13,8.77,53.81,54.23,53.4,-0.83,7.75,17.18,17.15,17.2,0.05,1.34,13.0,13.22,12.82,-0.4,1.01,mali
Zambia,61.76,59.43,63.95,4.52,17.23,53.87,52.67,54.97,2.3,14.98,16.0,14.43,17.22,2.79,3.3,12.2,11.17,13.0,1.83,2.48,zambia
Equatorial Guinea,61.39,59.88,63.05,3.17,7.36,53.17,52.76,53.51,0.75,6.57,16.92,15.62,18.23,2.61,1.95,12.58,11.78,13.37,1.59,1.44,equatorial guinea
Afghanistan,61.22,60.04,62.55,2.51,7.4,52.31,51.87,52.84,0.97,6.28,15.16,15.41,14.99,-0.42,2.02,11.03,11.31,10.84,-0.47,1.17,afghanistan
Guinea,61.13,59.8,62.36,2.56,6.93,53.51,53.36,53.67,0.31,6.08,16.58,16.02,17.01,0.99,1.09,12.71,12.57,12.81,0.24,0.84,guinea
Niger,60.57,59.64,61.52,1.88,10.33,53.15,53.31,52.99,-0.32,9.29,17.24,16.85,17.58,0.73,1.43,13.21,13.23,13.21,-0.02,1.15,niger
Sierra Leone,60.4,59.5,61.3,1.8,10.61,52.63,52.68,52.58,-0.1,9.56,16.62,16.32,16.87,0.55,1.45,12.62,12.64,12.61,-0.03,1.15,sierra leone
Chad,59.37,57.84,60.94,3.1,8.2,51.78,51.37,52.2,0.83,7.22,16.05,15.34,16.71,1.37,1.41,12.18,11.9,12.44,0.54,1.11,chad
Zimbabwe,59.07,56.9,61.02,4.12,13.32,51.95,50.9,52.93,2.03,11.42,14.31,13.12,15.27,2.15,0.71,10.98,10.21,11.58,1.37,0.48,zimbabwe
South Sudan,59.0,56.78,61.16,4.38,7.1,50.96,49.9,52.0,2.1,6.35,15.6,14.35,16.65,2.3,0.37,11.47,10.85,11.99,1.14,0.3,south sudan
Guinea-Bissau,58.98,56.41,61.44,5.03,8.78,51.81,50.6,52.96,2.36,7.86,14.57,13.43,15.47,2.04,1.6,11.17,10.55,11.65,1.1,1.23,guinea bissau
Mozambique,58.51,55.39,61.67,6.28,7.56,50.65,49.27,52.06,2.79,7.1,15.15,12.92,17.06,4.14,0.47,11.41,9.96,12.64,2.68,0.59,mozambique
Eswatini,55.75,52.47,59.38,6.91,8.97,48.65,46.64,50.88,4.24,7.23,14.22,11.96,16.13,4.17,1.59,10.69,9.11,12.02,2.91,0.94,eswatini
Somalia,55.21,52.87,57.75,4.88,5.93,48.65,47.28,50.14,2.86,5.24,13.52,12.42,14.59,2.17,1.17,10.41,9.72,11.08,1.36,0.88,somalia
Central African Republic,52.93,50.31,55.89,5.58,8.7,45.97,44.41,47.75,3.34,7.67,12.61,11.19,14.27,3.08,1.48,9.42,8.44,10.56,2.12,1.15,central african republic
Lesotho,51.78,48.96,54.91,5.95,4.4,45.04,43.39,46.88,3.49,3.22,12.71,10.8,14.33,3.53,-0.41,9.52,8.24,10.59,2.35,-0.61,lesotho
