Country / dependency,Total in km2 (mi2),Land in km2 (mi2),Inland water in km2 (mi2),% water,Country / dependency__norm
Earth,510072000.0,148940000.0,361132000.0,70.8,earth
Russia,17098246.0,16376870.0,721380.0,4.2,russia
Antarctica,14200000.0,14200000.0,0.0,0.0,antarctica
Canada,9984670.0,9093507.0,891163.0,8.9,canada
China,9596960.0,9326410.0,270550.0,2.8,china
United States,9525067.0,9147593.0,377424.0,4.0,united states
Brazil,8510346.0,8460415.0,55352.0,0.6,brazil
Australia,7741220.0,7682300.0,58920.0,0.8,australia
Australian Antarctic Territory (Australia),5896500.0,0.0,0.0,0.0,australian antarctic territory
India,3287263.0,2973190.0,314070.0,9.6,india
Argentina,2780400.0,2736690.0,43710.0,1.6,argentina
Kazakhstan,2724910.0,2699700.0,25202.0,0.9,kazakhstan
Queen Maud Land (Norway),2700000.0,0.0,0.0,0.0,queen maud land
Algeria,2381741.0,2381741.0,0.0,0.0,algeria
Democratic Republic of the Congo,2344858.0,2267048.0,77810.0,3.3,democratic republic of the congo
Kingdom of Denmark,2210573.0,2209913.0,660.0,0.0,kingdom of denmark
Greenland (Denmark),2166086.0,2166086.0,0.0,0.0,greenland
Saudi Arabia,2149690.0,2149690.0,0.0,0.0,saudi arabia
Mexico,1964375.0,1943950.0,20425.0,1.0,mexico
Indonesia,1904569.0,1811569.0,93000.0,4.9,indonesia
Sudan,1878000.0,1868000.0,10010.0,0.6,sudan
Libya,1759540.0,1759540.0,0.0,0.0,libya
British Antarctic Territory (UK),1709400.0,0.0,0.0,0.0,british antarctic territory
Iran,1648195.0,1622500.0,25695.0,1.6,iran
Marie Byrd Land (Unclaimed),1610400.0,0.0,0.0,0.0,marie byrd land
Mongolia,1564116.0,1557507.0,6609.0,0.4,mongolia
Argentine Antarctica (Argentina),1461597.0,0.0,0.0,0.0,argentine antarctica
Peru,1285216.0,1279996.0,5220.0,0.4,peru
Chad,1284000.0,1259200.0,24800.0,1.9,chad
Niger,1267000.0,1266700.0,300.0,0.0,niger
Chilean Antarctic Territory (Chile),1250268.0,0.0,0.0,0.0,chilean antarctic territory
Angola,1246700.0,1246700.0,0.0,0.0,angola
Mali,1240192.0,1220190.0,20000.0,1.6,mali
South Africa,1219090.0,1214470.0,4620.0,0.4,south africa
Colombia,1138910.0,1038700.0,100210.0,8.8,colombia
Ethiopia,1104300.0,1096570.0,7730.0,0.7,ethiopia
Bolivia,1098581.0,1083300.0,15280.0,1.4,bolivia
Mauritania,1030700.0,1030700.0,0.0,0.0,mauritania
Egypt,1001450.0,995450.0,6000.0,0.6,egypt
Tanzania,947303.0,885800.0,61500.0,6.5,tanzania
Nigeria,923768.0,910770.0,13000.0,1.4,nigeria
Venezuela,912050.0,882050.0,30000.0,3.3,venezuela
Pakistan,882363.0,857143.0,25220.0,2.9,pakistan
Namibia,824292.0,823290.0,1002.0,0.1,namibia
Mozambique,799380.0,786380.0,13000.0,1.6,mozambique
Turkey,783562.0,769632.0,13930.0,1.8,turkey
Chile,756102.0,743812.0,12290.0,1.6,chile
Zambia,752612.0,743390.0,9220.0,1.2,zambia
Myanmar,676578.0,653508.0,23070.0,3.4,myanmar
Afghanistan,652864.0,652230.0,630.0,0.1,afghanistan
South Sudan,644329.0,,,,south sudan
France,643801.0,640427.0,3374.0,0.5,france
Somalia,637657.0,627340.0,10320.0,1.6,somalia
Central African Republic,622984.0,622984.0,0.0,0.0,central african republic
Ukraine,603550.0,579330.0,24220.0,4.0,ukraine
Madagascar,587041.0,581540.0,5501.0,0.9,madagascar
Botswana,582000.0,566730.0,15000.0,2.6,botswana
Kenya,580367.0,569140.0,11227.0,1.9,kenya
France (metropolitan),551500.0,549970.0,1530.0,0.3,france
Thailand,513120.0,510890.0,2230.0,0.4,thailand
Spain,505370.0,498980.0,6390.0,1.3,spain
Turkmenistan,488100.0,469930.0,18170.0,3.7,turkmenistan
Cameroon,475650.0,472710.0,2730.0,0.6,cameroon
Papua New Guinea,462840.0,452860.0,9980.0,2.2,papua new guinea
Yemen,455503.0,455503.0,0.0,0.0,yemen
Sweden,450295.0,407284.0,40142.0,9.0,sweden
Ross Dependency (New Zealand),450000.0,0.0,0.0,0.0,ross dependency
Uzbekistan,447400.0,425400.0,22000.0,4.9,uzbekistan
Morocco,446550.0,446300.0,250.0,0.1,morocco
Iraq,438317.0,437367.0,950.0,0.2,iraq
Paraguay,406752.0,397300.0,9452.0,2.3,paraguay
Zimbabwe,390757.0,386850.0,3910.0,1.0,zimbabwe
Norway,386224.0,366704.0,19520.0,5.1,norway
Japan,377915.0,364485.0,13430.0,3.6,japan
Germany,357581.0,349390.0,7860.0,2.2,germany
Adélie Land (France),351000.0,0.0,0.0,0.0,adelie land
Republic of the Congo,342000.0,341500.0,500.0,0.1,republic of the congo
Finland,338145.0,303815.0,34330.0,10.2,finland
Vietnam,331340.0,313429.0,17801.0,5.4,vietnam
Malaysia,330621.0,329432.0,1190.0,0.4,malaysia
Norway (mainland),323802.0,304282.0,19520.0,6.0,norway
Ivory Coast,322462.0,318000.0,4460.0,1.4,ivory coast
Poland,312685.0,304255.0,8430.0,3.7,poland
Oman,309500.0,309500.0,0.0,0.0,oman
Italy,302068.0,295717.0,6350.0,2.1,italy
Philippines,300000.0,298170.0,1830.0,0.6,philippines
Ecuador,283561.0,276841.0,6720.0,2.4,ecuador
Burkina Faso,274200.0,273800.0,400.0,0.2,burkina faso
New Zealand,268838.0,264537.0,4301.0,1.6,new zealand
Gabon,267668.0,257670.0,10000.0,3.7,gabon
Western Sahara (disputed),266000.0,266000.0,0.0,0.0,western sahara
Guinea,245857.0,245717.0,140.0,0.1,guinea
United Kingdom,244376.0,242741.0,1635.0,0.7,united kingdom
Uganda,241550.0,200520.0,41030.0,17.0,uganda
Ghana,238537.0,227533.0,11000.0,4.6,ghana
Romania,238398.0,230080.0,8320.0,3.5,romania
Laos,236800.0,230800.0,6000.0,2.5,laos
Guyana,214969.0,196850.0,18120.0,8.4,guyana
Belarus,207600.0,202900.0,4700.0,2.3,belarus
Kyrgyzstan,199949.0,191800.0,8150.0,4.1,kyrgyzstan
Senegal,196712.0,192530.0,4180.0,2.1,senegal
Syria,185180.0,183630.0,1550.0,0.8,syria
Cambodia,181035.0,176520.0,4520.0,2.5,cambodia
Somaliland,177000.0,,,,somaliland
Uruguay,176215.0,175015.0,1200.0,0.7,uruguay
Suriname,163820.0,156000.0,7820.0,4.8,suriname
Tunisia,163610.0,155360.0,8250.0,5.0,tunisia
Bangladesh,148460.0,130170.0,18290.0,12.3,bangladesh
Nepal,147181.0,143350.0,3830.0,2.6,nepal
Tajikistan,144100.0,141510.0,2590.0,1.8,tajikistan
England,132932.0,130310.0,2622.0,2.0,england
Greece,131957.0,128900.0,1310.0,2.3,greece
Nicaragua,130373.0,120340.0,10030.0,7.7,nicaragua
North Korea,120538.0,120410.0,130.0,0.1,north korea
Malawi,118484.0,94080.0,24404.0,20.6,malawi
Eritrea,117600.0,101000.0,16600.0,14.1,eritrea
Benin,114763.0,112760.0,2000.0,1.7,benin
Honduras,112492.0,111890.0,600.0,0.5,honduras
Liberia,111369.0,96320.0,15049.0,13.5,liberia
Bulgaria,110879.0,108489.0,2390.0,2.2,bulgaria
Cuba,109884.0,109884.0,0.0,0.0,cuba
Guatemala,108889.0,107160.0,1730.0,1.6,guatemala
Iceland,103000.0,100830.0,2170.0,2.1,iceland
South Korea,100432.0,97600.0,2800.0,2.8,south korea
Hungary,93025.0,91260.0,1770.0,1.9,hungary
Portugal,92090.0,91470.0,620.0,0.45,portugal
Jordan,89318.0,88794.0,524.0,0.6,jordan
Serbia,88499.0,88499.0,0.0,0.0,serbia
Azerbaijan,86600.0,82650.0,3950.0,4.6,azerbaijan
Austria,83878.0,82520.0,1359.0,1.6,austria
United Arab Emirates,83600.0,82880.0,720.0,0.9,united arab emirates
Scotland,80231.0,77901.0,2330.0,2.9,scotland
Czech Republic,78871.0,77187.0,1684.0,2.1,czech republic
Panama,75320.0,74180.0,1143.0,1.5,panama
Sierra Leone,72300.0,72180.0,120.0,0.2,sierra leone
Ireland,70273.0,68883.0,1390.0,2.0,ireland
Georgia,69700.0,69490.0,210.0,0.3,georgia
Sri Lanka,67240.0,61860.0,3750.0,5.7,sri lanka
Lithuania,65286.0,62610.0,2680.0,4.1,lithuania
Latvia,64594.0,62230.0,2370.0,3.7,latvia
Svalbard (Norway),62045.0,62045.0,0.0,0.0,svalbard
Togo,56785.0,54390.0,2400.0,4.2,togo
Croatia,56594.0,55974.0,620.0,1.1,croatia
Bosnia and Herzegovina,51209.0,51200.0,10.0,0.0,bosnia and herzegovina
Costa Rica,51180.0,51140.0,40.0,0.1,costa rica
Slovakia,49035.0,48080.0,950.0,1.9,slovakia
Dominican Republic,48670.0,48320.0,350.0,0.7,dominican republic
Estonia,45339.0,42388.0,2840.0,6.3,estonia
Denmark,42947.0,42434.0,660.0,1.5,denmark
Netherlands,41865.0,33893.0,7650.0,19.0,netherlands
Switzerland,41291.0,39510.0,1781.0,4.3,switzerland
Bhutan,38394.0,38140.0,250.0,0.7,bhutan
Guinea-Bissau,36125.0,28120.0,8010.0,22.2,guinea bissau
Taiwan,35980.0,32260.0,3720.0,10.3,taiwan
Moldova,33847.0,32970.0,880.0,2.6,moldova
Belgium,30528.0,30280.0,250.0,0.8,belgium
Lesotho,30355.0,30355.0,0.0,0.0,lesotho
Armenia,29743.0,28470.0,1270.0,4.3,armenia
Solomon Islands,28896.0,27990.0,910.0,3.1,solomon islands
Albania,28748.0,27400.0,330.0,1.1,albania
Equatorial Guinea,28051.0,28051.0,0.0,0.0,equatorial guinea
Burundi,27834.0,25680.0,2150.0,7.7,burundi
Haiti,27750.0,27560.0,190.0,0.7,haiti
Rwanda,26338.0,24670.0,1670.0,6.3,rwanda
North Macedonia,25713.0,25220.0,490.0,1.9,north macedonia
Djibouti,23200.0,23180.0,20.0,0.1,djibouti
Belize,22965.0,22810.0,160.0,0.7,belize
Israel,21937.0,21497.0,440.0,2.1,israel
Wales,21218.0,20737.0,481.0,2.3,wales
El Salvador,21041.0,20720.0,320.0,1.5,el salvador
Slovenia,20273.0,20151.0,122.0,0.6,slovenia
New Caledonia (France),18575.0,18275.0,300.0,1.6,new caledonia
Fiji,18272.0,18272.0,0.0,0.0,fiji
Kuwait,17818.0,17818.0,0.0,0.0,kuwait
Eswatini,17363.0,17200.0,160.0,0.9,eswatini
Timor-Leste,14874.0,14874.0,0.0,0.0,timor leste
Northern Ireland,14330.0,13547.0,783.0,5.5,northern ireland
Montenegro,13888.0,13450.0,438.0,3.2,montenegro
Bahamas,13880.0,10010.0,3870.0,27.8,bahamas
Vanuatu,12189.0,12189.0,0.0,0.0,vanuatu
Falkland Islands (UK),12173.0,12173.0,0.0,0.0,falkland islands
Qatar,11586.0,11586.0,0.0,0.0,qatar
The Gambia,11295.0,10120.0,1180.0,10.4,the gambia
Jamaica,10991.0,10830.0,160.0,1.5,jamaica
Kosovo,10887.0,10887.0,0.0,0.0,kosovo
Lebanon,10452.0,10230.0,220.0,2.1,lebanon
Cyprus,9251.0,9241.0,10.0,0.1,cyprus
Puerto Rico (US),9100.0,8868.0,232.0,2.5,puerto rico
Abkhazia,8665.0,,,,abkhazia
French Southern Territories (France),7747.0,7668.0,80.0,1.0,french southern territories
Palestine,6020.0,6025.0,0.0,0.0,palestine
Brunei,5765.0,5270.0,500.0,8.7,brunei
Trinidad and Tobago,5127.0,5131.0,0.0,0.0,trinidad and tobago
French Polynesia (France),4167.0,3827.0,340.0,8.2,french polynesia
Transnistria,4163.0,,,,transnistria
Cape Verde,4033.0,4033.0,0.0,0.0,cape verde
South Georgia and the South Sandwich Islands (UK),3903.0,3903.0,0.0,0.0,south georgia and the south sandwich islands
South Ossetia,3900.0,,,,south ossetia
Northern Cyprus,3355.0,,,,northern cyprus
Samoa,2842.0,2780.0,10.0,0.4,samoa
Luxembourg,2586.0,2574.0,16.0,0.6,luxembourg
Mauritius,2096.0,2086.0,10.0,0.5,mauritius
Comoros,1861.0,1861.0,0.0,0.0,comoros
Åland (Finland),1581.0,1553.0,28.0,1.8,aland
Faroe Islands (Denmark),1393.0,1393.0,0.0,0.0,faroe islands
Hong Kong (China),1114.0,1050.0,60.0,5.4,hong kong
São Tomé and Príncipe,964.0,964.0,0.0,0.0,sao tome and principe
Turks and Caicos Islands (UK),948.0,948.0,0.0,0.0,turks and caicos islands
Kiribati,811.0,811.0,0.0,0.0,kiribati
Bahrain,778.0,778.0,0.0,0.0,bahrain
Dominica,750.0,750.0,0.0,0.0,dominica
Tonga,747.0,720.0,30.0,4.0,tonga
Singapore,745.0,735.0,10.0,1.4,singapore
Micronesia,702.0,700.0,0.0,0.0,micronesia
Saint Lucia,616.0,610.0,10.0,1.6,saint lucia
Isle of Man (UK),572.0,570.0,0.0,0.0,isle of man
Guam (US),541.0,540.0,0.0,0.0,guam
Andorra,468.0,468.0,0.0,0.0,andorra
Palau,459.0,459.0,0.0,0.0,palau
Northern Mariana Islands (US),457.0,457.0,0.0,0.0,northern mariana islands
Seychelles,457.0,457.0,0.0,0.0,seychelles
Curaçao (Netherlands),444.0,444.0,0.0,0.0,curacao
Antigua and Barbuda,442.0,442.0,0.0,0.0,antigua and barbuda
Barbados,431.0,431.0,0.0,0.0,barbados
Heard Island and McDonald Islands (Australia),412.0,412.0,0.0,0.0,heard island and mcdonald islands
"Saint Helena, Ascension and Tristan da Cunha (UK)",394.0,394.0,0.0,0.0,saint helena ascension and tristan da cunha
Saint Vincent and the Grenadines,389.0,389.0,0.0,0.0,saint vincent and the grenadines
Jan Mayen (Norway),377.0,377.0,0.0,0.0,jan mayen
U.S. Virgin Islands (US),347.0,347.0,0.0,0.0,u s virgin islands
Grenada,345.0,340.0,0.0,0.0,grenada
Malta,315.0,315.0,0.0,0.0,malta
Maldives,300.0,300.0,0.0,0.0,maldives
Bonaire (Netherlands),288.0,288.0,0.0,0.0,bonaire
Cayman Islands (UK),264.0,264.0,0.0,0.0,cayman islands
Saint Kitts and Nevis,261.0,261.0,0.0,0.0,saint kitts and nevis
Niue,260.0,260.0,0.0,0.0,niue
Akrotiri and Dhekelia (UK),254.0,,,,akrotiri and dhekelia
Saint Pierre and Miquelon (France),242.0,230.0,10.0,4.2,saint pierre and miquelon
Cook Islands,236.0,236.0,0.0,0.0,cook islands
American Samoa (US),199.0,199.0,0.0,0.0,american samoa
Marshall Islands,181.0,180.0,0.0,0.0,marshall islands
Aruba (Netherlands),180.0,180.0,0.0,0.0,aruba
Easter Island (Chile),163.0,163.0,0.0,0.0,easter island
Liechtenstein,160.0,160.0,0.0,0.0,liechtenstein
Peter I Island (Norway),154.0,0.0,0.0,0.0,peter i island
British Virgin Islands (UK),151.0,151.0,0.0,0.0,british virgin islands
Wallis and Futuna (France),142.0,142.0,0.0,0.0,wallis and futuna
Christmas Island (Australia),135.0,135.0,0.0,0.0,christmas island
Jersey (UK),116.0,116.0,0.0,0.0,jersey
Montserrat (UK),103.0,100.0,0.0,0.0,montserrat
Anguilla (UK),91.0,91.0,0.0,0.0,anguilla
Guernsey (UK),78.0,78.0,0.0,0.0,guernsey
San Marino,61.0,61.0,0.0,0.0,san marino
British Indian Ocean Territory (UK),60.0,60.0,0.0,0.0,british indian ocean territory
Bermuda (UK),54.0,54.0,0.0,0.0,bermuda
Saint Martin (France),53.0,53.0,0.0,0.0,saint martin
Bouvet Island (Norway),49.0,49.0,0.0,0.0,bouvet island
Pitcairn Islands (UK),47.0,47.0,0.0,0.0,pitcairn islands
Norfolk Island (Australia),36.0,36.0,0.0,0.0,norfolk island
Sint Maarten (Netherlands),34.0,34.0,0.0,0.0,sint maarten
U.S. Minor Outlying Islands (US),34.0,34.0,0.0,0.0,u s minor outlying islands
Macau (China),33.0,33.0,0.0,0.0,macau
Tuvalu,26.0,26.0,0.0,0.0,tuvalu
Saint Barthélemy (France),22.0,20.0,0.0,0.0,saint barthelemy
Nauru,21.0,20.0,0.0,0.0,nauru
Sint Eustatius (Netherlands),21.0,,,,sint eustatius
Cocos (Keeling) Islands (Australia),14.0,14.0,0.0,0.0,cocos islands
Saba (Netherlands),13.0,,,,saba
Tokelau (New Zealand),12.0,12.0,0.0,0.0,tokelau
Gibraltar (UK),6.8,6.8,0.0,0.0,gibraltar
Clipperton Island (France),6.0,2.0,4.0,66.7,clipperton island
Ashmore and Cartier Islands (Australia),5.0,5.0,0.0,0.0,ashmore and cartier islands
Coral Sea Islands (Australia),3.0,3.0,0.0,0.0,coral sea islands
Spratly Islands (disputed),2.0,2.0,0.0,0.0,spratly islands
Monaco,2.0,2.0,0.0,0.0,monaco
Vatican City,0.44,0.44,0.0,0.0,vatican city
