Country/Territory,IMF (2026),World Bank (2025),United Nations (2024),Country/Territory__norm
World,126295331.0,118350166.0,111565144.0,world
United States,32383920.0,30769700.0,29298000.0,united states
China,20851593.0,19498039.0,18743802.0,china
Germany,5452858.0,5050923.0,4659929.0,germany
Japan,4379253.0,4435163.0,4026211.0,japan
United Kingdom,4264794.0,4002588.0,3685881.0,united kingdom
India,4153191.0,3956067.0,3952244.0,india
France,3596094.0,3366316.0,3160443.0,france
Italy,2738164.0,2551557.0,2380825.0,italy
Russia,2656452.0,2561310.0,2173386.0,russia
Brazil,2635912.0,2279920.0,2185822.0,brazil
Canada,2507340.0,2319900.0,2270076.0,canada
Australia,2123963.0,1798519.0,1830610.0,australia
Mexico,2120855.0,1832641.0,1852723.0,mexico
Spain,2091222.0,1906453.0,1722746.0,spain
South Korea,1931008.0,1872375.0,1875388.0,south korea
Turkey,1640223.0,1597293.0,1323255.0,turkey
Indonesia,1539872.0,1445643.0,1396300.0,indonesia
Netherlands,1449704.0,1332768.0,1214928.0,netherlands
Saudi Arabia,1388676.0,1276943.0,1254141.0,saudi arabia
Switzerland,1146911.0,1043530.0,936564.0,switzerland
Poland,1134248.0,1035492.0,914696.0,poland
Taiwan,976719.0,,,taiwan
Ireland,779381.0,721701.0,577389.0,ireland
Belgium,776730.0,725466.0,664564.0,belgium
Sweden,760481.0,668999.0,604899.0,sweden
Israel,719848.0,610778.0,542286.0,israel
Argentina,688378.0,683098.0,638365.0,argentina
Singapore,659572.0,603870.0,547387.0,singapore
Austria,623719.0,579470.0,534791.0,austria
United Arab Emirates,621546.0,552325.0,552325.0,united arab emirates
Norway,599406.0,530756.0,483593.0,norway
Thailand,579996.0,577010.0,526518.0,thailand
Colombia,539530.0,457410.0,418542.0,colombia
Vietnam,527266.0,514697.0,476388.0,vietnam
Malaysia,516428.0,472193.0,421972.0,malaysia
Philippines,512222.0,487086.0,461618.0,philippines
Bangladesh,510705.0,456319.0,432742.0,bangladesh
Denmark,503772.0,462527.0,424525.0,denmark
Romania,480834.0,428678.0,382770.0,romania
South Africa,479964.0,427184.0,401145.0,south africa
Hong Kong,450138.0,427310.0,406863.0,hong kong
Czech Republic,432597.0,391027.0,345037.0,czech republic
Egypt,429645.0,365255.0,306907.0,egypt
Chile,407850.0,357371.0,330267.0,chile
Pakistan,407786.0,407307.0,379120.0,pakistan
Peru,380900.0,334855.0,289329.0,peru
Portugal,380637.0,346640.0,313271.0,portugal
Nigeria,377365.0,290794.0,252084.0,nigeria
Kazakhstan,360456.0,306239.0,291480.0,kazakhstan
Finland,337669.0,317039.0,298697.0,finland
Algeria,317173.0,287031.0,266972.0,algeria
Greece,307554.0,280636.0,257145.0,greece
Iran,300293.0,362682.0,448092.0,iran
New Zealand,278636.0,264057.0,260172.0,new zealand
Hungary,271122.0,246490.0,222905.0,hungary
Iraq,264784.0,254367.0,279641.0,iraq
Cuba,,107352.0,252063.0,cuba
Ukraine,225337.0,214233.0,190741.0,ukraine
Qatar,217416.0,215560.0,219163.0,qatar
Morocco,194333.0,182374.0,160606.0,morocco
Uzbekistan,181502.0,147038.0,114965.0,uzbekistan
Kuwait,172920.0,157209.0,160227.0,kuwait
Slovakia,168897.0,154530.0,141776.0,slovakia
Angola,152354.0,122175.0,117159.0,angola
Bulgaria,148121.0,130777.0,113343.0,bulgaria
Kenya,147265.0,135941.0,120340.0,kenya
Ecuador,138194.0,130321.0,124676.0,ecuador
Dominican Republic,136148.0,127407.0,124282.0,dominican republic
Puerto Rico,129012.0,129368.0,125842.0,puerto rico
Guatemala,128886.0,123306.0,113200.0,guatemala
DR Congo,123406.0,91031.0,75322.0,dr congo
Ethiopia,121527.0,126359.0,142275.0,ethiopia
Ghana,118293.0,114210.0,82938.0,ghana
Oman,117176.0,109605.0,107137.0,oman
Croatia,116574.0,105060.0,92662.0,croatia
Ivory Coast,112115.0,99774.0,85894.0,ivory coast
Serbia,112025.0,99953.0,89074.0,serbia
Venezuela,111303.0,99661.0,150494.0,venezuela
Luxembourg,110417.0,101158.0,93280.0,luxembourg
Costa Rica,109931.0,102905.0,95350.0,costa rica
Sri Lanka,98964.0,108825.0,98714.0,sri lanka
Lithuania,105907.0,95210.0,84869.0,lithuania
Belarus,102042.0,93397.0,75962.0,belarus
Uruguay,96092.0,85348.0,80962.0,uruguay
Panama,95024.0,90463.0,86260.0,panama
Tanzania,94889.0,90143.0,79236.0,tanzania
Slovenia,86732.0,79648.0,72485.0,slovenia
Myanmar,83832.0,81666.0,64796.0,myanmar
Turkmenistan,83065.0,49829.0,68655.0,turkmenistan
Bolivia,80743.0,64769.0,46627.0,bolivia
Azerbaijan,78372.0,75938.0,74316.0,azerbaijan
Uganda,73370.0,61986.0,56369.0,uganda
Cameroon,65135.0,58933.0,53297.0,cameroon
Jordan,64909.0,61610.0,53352.0,jordan
Tunisia,60745.0,57503.0,53493.0,tunisia
Paraguay,60542.0,49278.0,44739.0,paraguay
Zimbabwe,56713.0,51216.0,45719.0,zimbabwe
Macau,54228.0,52061.0,49467.0,macau
Latvia,53686.0,48619.0,43684.0,latvia
Libya,52453.0,48099.0,48484.0,libya
Cambodia,52379.0,51267.0,45913.0,cambodia
Estonia,51634.0,47031.0,42765.0,estonia
Bahrain,48849.0,48966.0,47110.0,bahrain
Nepal,45844.0,45490.0,42692.0,nepal
Cyprus,45171.0,41226.0,37635.0,cyprus
Sudan,44688.0,60163.0,25574.0,sudan
Iceland,43800.0,38583.0,33222.0,iceland
Georgia,42716.0,38144.0,34192.0,georgia
Honduras,41505.0,39601.0,37094.0,honduras
Zambia,41243.0,28880.0,25303.0,zambia
Senegal,40469.0,37007.0,36715.0,senegal
El Salvador,39838.0,36708.0,35365.0,el salvador
Haiti,39180.0,32077.0,25312.0,haiti
Bosnia and Herzegovina,36771.0,32600.0,30478.0,bosnia and herzegovina
Lebanon,34497.0,25972.0,37990.0,lebanon
Papua New Guinea,34403.0,32499.0,32262.0,papua new guinea
Guyana,33961.0,27097.0,24659.0,guyana
Mali,33847.0,30069.0,26588.0,mali
Albania,33333.0,30540.0,27037.0,albania
Burkina Faso,32513.0,27627.0,23250.0,burkina faso
Armenia,31873.0,29243.0,25955.0,armenia
Malta,30712.0,27772.0,25030.0,malta
Guinea,29930.0,28346.0,36465.0,guinea
Mongolia,28450.0,25369.0,23586.0,mongolia
Benin,27786.0,24566.0,21483.0,benin
Trinidad and Tobago,26836.0,25943.0,25634.0,trinidad and tobago
Chad,25628.0,21473.0,19906.0,chad
Niger,24813.0,21646.0,17491.0,niger
Nicaragua,24227.0,22237.0,19694.0,nicaragua
Kyrgyzstan,23606.0,22624.0,17478.0,kyrgyzstan
Gabon,23363.0,21427.0,20867.0,gabon
Mozambique,23275.0,22338.0,22745.0,mozambique
Jamaica,23028.0,22705.0,22014.0,jamaica
Botswana,21937.0,19928.0,19401.0,botswana
Moldova,21889.0,20352.0,18200.0,moldova
North Macedonia,21605.0,19101.0,16952.0,north macedonia
Madagascar,21185.0,19620.0,17421.0,madagascar
Tajikistan,20418.0,17661.0,13949.0,tajikistan
Afghanistan,19662.0,17779.0,18283.0,afghanistan
Laos,18959.0,18303.0,16129.0,laos
Malawi,18152.0,14918.0,11734.0,malawi
Rwanda,17336.0,16372.0,15111.0,rwanda
Namibia,17314.0,15080.0,13372.0,namibia
Syria,60043.0,23738.0,17254.0,syria
North Korea,,,17199.0,north korea
Palestine,16017.0,17167.0,16017.0,palestine
Mauritius,17119.0,16158.0,14953.0,mauritius
Bahamas,17042.0,15833.0,15833.0,bahamas
Congo,17028.0,16307.0,16412.0,congo
Brunei,16863.0,15032.0,15463.0,brunei
Mauritania,14352.0,11680.0,10912.0,mauritania
Somalia,14174.0,12995.0,11966.0,somalia
Kosovo,14053.0,12456.0,11154.0,kosovo
Equatorial Guinea,13722.0,12823.0,12288.0,equatorial guinea
Togo,13437.0,11890.0,10163.0,togo
Channel Islands,,12507.0,,channel islands
Monaco,,11126.0,11126.0,monaco
Montenegro,10227.0,9233.0,8274.0,montenegro
Liechtenstein,9442.0,8906.0,8628.0,liechtenstein
Bermuda,,9194.0,8840.0,bermuda
New Caledonia,,8549.0,8549.0,new caledonia
Barbados,8483.0,8017.0,7598.0,barbados
Sierra Leone,8270.0,7464.0,6792.0,sierra leone
Burundi,8137.0,3365.0,4431.0,burundi
Maldives,8130.0,7741.0,7062.0,maldives
Cayman Islands,,7765.0,7657.0,cayman islands
Isle of Man,,7576.0,,isle of man
Yemen,7435.0,21606.0,14304.0,yemen
Guam,,6910.0,,guam
Fiji,6352.0,6198.0,5968.0,fiji
French Polynesia,,6324.0,6323.0,french polynesia
South Sudan,6069.0,11998.0,3522.0,south sudan
Suriname,5908.0,4524.0,4435.0,suriname
Eswatini,5792.0,5161.0,4947.0,eswatini
Liberia,5642.0,5246.0,5251.0,liberia
Andorra,4879.0,4501.0,4040.0,andorra
Djibouti,4725.0,4625.0,4152.0,djibouti
U.S. Virgin Islands,,4672.0,,u s virgin islands
Aruba,4671.0,4168.0,4192.0,aruba
Faroe Islands,,4053.0,,faroe islands
Bhutan,3856.0,3579.0,3347.0,bhutan
Curaçao,,3561.0,3561.0,curacao
Central African Republic,3492.0,3066.0,2752.0,central african republic
Greenland,,3327.0,3466.0,greenland
Belize,3450.0,3327.0,3204.0,belize
Cape Verde,3448.0,3057.0,2768.0,cape verde
Guinea-Bissau,2985.0,2528.0,2008.0,guinea bissau
Lesotho,2972.0,2574.0,2391.0,lesotho
Gambia,2792.0,2594.0,2372.0,gambia
Saint Lucia,2765.0,2656.0,2574.0,saint lucia
Zanzibar,,,2530.0,zanzibar
San Marino,2417.0,2027.0,2082.0,san marino
Antigua and Barbuda,2385.0,2338.0,2162.0,antigua and barbuda
Seychelles,2251.0,2387.0,2162.0,seychelles
Timor-Leste,2170.0,1902.0,1866.0,timor leste
Eritrea,1982.0,2065.0,1917.0,eritrea
Sint Maarten,,1888.0,1670.0,sint maarten
Solomon Islands,1836.0,1750.0,1584.0,solomon islands
British Virgin Islands,,,1830.0,british virgin islands
Comoros,1814.0,1815.0,1567.0,comoros
Turks and Caicos Islands,,1745.0,1757.0,turks and caicos islands
Grenada,1483.0,1420.0,1372.0,grenada
Vanuatu,1396.0,1354.0,1092.0,vanuatu
Samoa,1376.0,1288.0,1253.0,samoa
Saint Vincent and the Grenadines,1236.0,1255.0,1136.0,saint vincent and the grenadines
São Tomé and Príncipe,1161.0,981.0,828.0,sao tome and principe
Saint Kitts and Nevis,1143.0,1184.0,1122.0,saint kitts and nevis
Northern Mariana Islands,,1096.0,,northern mariana islands
American Samoa,,871.0,,american samoa
Dominica,791.0,724.0,689.0,dominica
Tonga,716.0,679.0,648.0,tonga
Saint Martin,,649.0,,saint martin
Federated States of Micronesia,521.0,502.0,471.0,federated states of micronesia
Anguilla,,,456.0,anguilla
Cook Islands,,,414.0,cook islands
Kiribati,401.0,349.0,343.0,kiribati
Palau,377.0,345.0,310.0,palau
Marshall Islands,342.0,308.0,281.0,marshall islands
Nauru,196.0,176.0,187.0,nauru
Montserrat,,,81.0,montserrat
Tuvalu,65.0,57.0,56.0,tuvalu
